MTL,Duration
STL,29.564557239057237
EW,26.92418617021277
DWA,33.40599590163935
RLW,24.986817391304353
UW,39.24676129032258
UW_SO,19.09967924528302
UW_O,14.681391044776117
GLS,29.242325396825397
GradDrop,8.692387499999999
CAGrad,19.979059701492535
PCGrad,12.975411235955054
GradNorm,17.388151260504202
IMTL,21.813735668789803
Nash_MTL,13.932000000000004
