MTL,Duration
STL,2.5603375
EW,0.8912939698492464
DWA,1.2588941176470587
RLW,0.8874545454545453
UW,0.7923619047619047
UW_SO,0.7917722772277227
UW_O,1.22809900990099
GLS,1.3155703125000002
GradDrop,0.47363190184049075
CAGrad,0.5873693693693693
PCGrad,1.1626832061068701
GradNorm,1.0547611940298507
IMTL,1.605418604651163
Nash_MTL,1.385109677419355
