MTL,Duration
STL,35.94932037708965
EW,19.151879032258062
DWA,27.55665306122449
RLW,22.086555555555556
UW,22.96393805309735
UW_SO,25.96279856115108
UW_O,21.65742
GLS,23.247057142857145
GradDrop,15.541118644067796
CAGrad,31.4472676056338
PCGrad,29.042162790697677
GradNorm,23.941486956521736
IMTL,24.385264705882353
Nash_MTL,32.557247191011236
