MTL,Duration
STL,36.880458623178924
EW,74.46262282398452
DWA,70.54599442896935
RLW,62.666216027874576
UW,76.74298571428571
UW_SO,51.5742397260274
UW_O,82.60320670391063
GLS,80.01316363636364
GradDrop,62.2340924369748
CAGrad,96.61427562642368
PCGrad,95.24016788321168
GradNorm,57.07094900221728
IMTL,87.93139419087137
Nash_MTL,58.36518886198547
